SMILES,thermal
*CC(*)C,0.245
*CC(*)CC,0.225
*CC(*)CCC,0.246
*CC(*)C(C)C,0.187
*CC(*)CCCC,0.231
*CC(*)CC(C)C,0.208
*CC(*)CCCCC,0.258
*CC(*)CCC(C)C,0.216
*CC(*)CCC(C)CC,0.229
*CC(*)CCCCCCC,0.267
*CC(*)CCCCCCCC,0.286
*CC(*)(C)C,0.213
*CC(*)(C)CC,0.17
*CCC(*)(C)C,0.196
*CC(C)C(*)(C)C,0.203
*CCCC(*)(C)C,0.236
*CCCC(*)(C)CC,0.234
*CCCCCCCC(*)C,0.371
*CC(*)C1CC1,0.218
*CC(*)C1CCC1,0.209
*CC(*)C1CCCC1,0.202
*CC(*)CC1CCCC1,0.228
*CC(*)C1CCCCC1,0.191
*CC(*)CC1CCCCC1,0.226
*CC(*)Cc1ccccc1,0.196
*CC(*)CCc1ccccc1,0.18
*CC(*)C(C)c1ccccc1,0.151
*CC1CCC(*)C1,0.335
*CC(*)CCCCCC,0.238
*CC(*)CCCCCCCCCC,0.336
*CC(*)CCCCCCCCCCCC,0.339
*CC(*)CCCCCCCCCCCCCCCC,0.375
*CC(*)CCCC(C)C,0.257
*CC(*)C(C)CC,0.19
*CC(*)C(CC)CC,0.188
*CC(*)CC(CC)CC,0.219
*CC(*)CC(C)CC,0.202
*CC(*)CC(C)(C)C,0.174
*CC(*)CC(C)(C)CC,0.186
*CC(*)CCCC(C)(C)C,0.216
*CC(*)CCC1CCCCC1,0.218
*CC(*)CCCC1CCCCC1,0.246
*CC1(*)CCC(C)CC1,0.164
*CC(*)(C)CCC,0.174
*/C=C/CCC*,0.254
*/C=C/CC*,0.244
*C(*)C,0.203
*CCC(C)C(*)C,0.233
*CCC1CCCC1*,0.286
*/C=C/CCCCCCCC*,0.357
*CC(*)CCCCCCCCCCCCCCCCCCCC,0.402
*CC(*)CCCCCCCCCCCCCC,0.341
*/C=C/CCCCCC*,0.33
*CC(*)C(C)(C)C,0.136
*CC(*)CCCCCCCCCCCCC,0.338
*C(*)CC,0.206
*CC(*)CCCCCCCCCCC,0.321
*CC(*)CCCCCCCCC,0.319
*CC(*)C1CCCC(C)C1,0.181
*CC(*)C1CCC(C)CC1,0.2
*CC(*)C1CC=CCC1,0.181
*CC/C=C(/*)CCCCCCC,0.269
*CC/C=C(/*)C(C)C,0.21
*CC(*)CCC(C)(C)C,0.193
*C1CCC1*,0.163
*/C=C/*,0.262
*/C=C/CCCCC*,0.314
*/C=C/C1CCC(*)C1,0.26
*/C=C/C(C*)C(C)CC,0.203
*CC/C=C(/*)CCC,0.223
*/C=C/CCCCCCCCCC*,0.414
*CC1(*)CCCCC1,0.144
*/C=C/C(C)CCCCC*,0.249
*CC/C=C(/*)C(C)(C)C,0.208
*CC(*)c1ccccc1,0.205
*CC(*)c1ccccc1C,0.19
*CC(*)c1ccccc1CC,0.184
*CC(*)c1ccccc1COC,0.207
*CC(*)c1ccccc1COCC,0.185
*CC(*)c1ccccc1COCCC,0.217
*CC(*)c1ccccc1COC(C)C,0.171
*CC(*)c1ccccc1COCCCC,0.203
*CC(*)c1ccccc1COCCCCC,0.199
*CC(*)c1ccccc1COCCC(C)C,0.194
*CC(*)c1ccccc1COCc1ccccc1,0.191
*CC(*)c1ccccc1COCCc1ccccc1,0.188
*CC(*)c1ccccc1C(=O)NC,0.184
*CC(*)c1ccccc1C(=O)N(C)C,0.165
*CC(*)c1ccccc1C(=O)Nc1ccccc1,0.164
*CC(*)c1ccccc1C(=O)OC,0.174
*CC(*)c1ccccc1C(=O)OCC,0.182
*CC(*)c1ccccc1C(=O)OCCC,0.193
*CC(*)c1ccccc1C(=O)OC(C)C,0.174
*CC(*)c1ccccc1C(=O)OCCCC,0.195
*CC(*)c1ccccc1C(=O)OCC(C)C,0.17
*CC(*)c1ccccc1C(=O)OCCCCC,0.192
*CC(*)c1ccccc1C(=O)OCCC(C)C,0.193
*CC(*)c1ccccc1C(=O)OCCCCCC,0.206
*CC(*)c1ccccc1C(=O)Oc1ccccc1,0.169
*CC(*)c1ccccc1C(=O)OCCN(C)C,0.185
*CC(*)c1ccc(C(=O)OCCN(C)C)cc1,0.232
*CC(*)c1ccccc1OC,0.195
*CC(*)c1ccccc1Cl,0.144
*CC(*)c1ccccc1F,0.175
*CC(*)c1cccc(C)c1,0.197
*CC(*)c1cccc(CC)c1,0.186
*CC(*)c1cccc(-c2ccc(-c3ccccc3)cc2)c1,0.196
*CC(*)c1cccc(Cl)c1,0.142
*CC(*)c1cccc(F)c1,0.162
*CC(*)c1ccc(C)cc1,0.187
*CC(*)c1ccc(CC)cc1,0.201
*CC(*)c1ccc(CCCC)cc1,0.21
*CC(*)c1ccc(C(C)(C)C)cc1,0.184
*CC(*)c1ccc(CCCCCC)cc1,0.241
*CC(*)c1ccc(CCCCCCCC)cc1,0.268
*CC(*)c1ccc(CCCCCCCCC)cc1,0.277
*CC(*)c1ccc(CCCCCCCCCC)cc1,0.283
*CC(*)c1ccc(CCCCCCCCCCCC)cc1,0.304
*CC(*)c1ccc(CCCCCCCCCCCCCC)cc1,0.34
*CC(*)c1ccc(CCCCCCCCCCCCCCCC)cc1,0.341
*CC(*)c1ccc(CCCCCCCCCCCCCCCCCC)cc1,0.375
*CC(*)c1ccc(C(C)(C)O)cc1,0.232
*CC(*)c1ccc(C(C)(O)CC)cc1,0.227
*CC(*)c1ccc(C(=O)OC)cc1,0.203
*CC(*)c1ccc(C(=O)CCCCCCC)cc1,0.266
*CC(*)c1ccc(C)cc1C,0.186
*CC(*)c1ccc(C(C)C)cc1C(C)C,0.198
*CC(*)c1ccc(F)cc1C,0.141
*CC(*)c1ccc(Cl)cc1C,0.137
*CC(*)c1ccc(Cl)cc1Cl,0.101
*CC(*)c1cc(C)ccc1C,0.173
*CC(*)c1cc(C(C)(C)C)ccc1C,0.164
*CC(*)c1cc(C(C)C)ccc1C(C)C,0.162
*CC(*)c1cc(Cl)ccc1Cl,0.112
*CC(*)c1cc(F)ccc1F,0.14
*CC(*)c1cc(C)ccc1F,0.171
*CC(*)c1cc(Br)ccc1OCCCC,0.149
*CC(*)c1cc(Br)ccc1OCC,0.124
*CC(*)c1cc(Br)ccc1OC,0.132
*CC(*)c1cc(Br)ccc1OCCC,0.136
*CC(*)c1cc(Br)ccc1OC(C)C,0.124
*CC(*)c1cc(Br)ccc1OCCCCC,0.155
*CC(*)c1cc(Br)ccc1OCCC(C)C,0.168
*CC(*)c1ccc(C)c(C)c1,0.191
*CC(*)c1ccc(Cl)c(C)c1,0.154
*CC(*)c1ccc(Cl)c(Cl)c1,0.114
*CC(*)c1ccc(Cl)c(F)c1,0.128
*CC(*)c1c(C)cc(C)cc1C,0.167
*CC(*)c1cc(C)c(C)cc1C,0.21
*CC(*)(C)c1ccccc1,0.164
*CC(*)(C)c1ccc(C(C)C)cc1,0.201
*CC(*)c1cccc2ccccc12,0.194
*CC(*)c1ccc(C(C)=O)cc1,0.23
*CC(*)(C(=O)OC)c1ccccc1,0.143
*CC(*)n1cc2ccccc2n1,0.208
*CC(c1ccccn1)C(c1ccccc1)C(*)c1ccccn1,0.151
*CC(*)c1ccc(O)cc1,0.207
*CC(*)c1ccc(OC(C)=O)cc1,0.201
*CC(*)c1ccc(CCC)cc1,0.235
*CC(*)c1ccc(COCCCCCCOc2ccc(-c3ccc(OC)cc3)cc2)cc1,0.3
*CC(*)c1ccc(COCC(CC)CCCC)cc1,0.268
*CC(*)c1ccc(COCCOCCCCCCCC)cc1,0.282
*CC(CC(*)(C#N)C(=O)OC)c1ccccc1,0.176
*CC(*)c1ccc(C(=O)O)c(C(=O)O)c1,0.171
*C([2H])([2H])C(*)([2H])c1c([2H])c([2H])c([2H])c([2H])c1[2H],0.199
*CC(*)O,0.424
*CC(*)C=O,0.243
*CC(*)OC(=O)CCCCCCCCCCC,0.261
*CC(*)OC(=O)CCCCCCCCCCCCCCC,0.319
*CC(*)OC(=O)CCCCCCCCCCCCCCCCC,0.305
*CC(*)C(C)=O,0.179
*CC(*)C(=O)C(C)C,0.203
*CC(*)(C)C(C)=O,0.167
*CC(*)C#N,0.207
*CC(*)(C)C#N,0.146
*CC(*)c1ccccn1,0.196
*CC(*)n1c2ccccc2c2ccccc21,0.147
*CC(*)OC,0.262
*CC(*)OCC,0.247
*CC(*)OC(=O)CC,0.212
*CC(*)OC(=O)c1ccccc1,0.167
*CC(*)CCCN(CC(C)C)CC(C)C,0.201
*CC(*)O[N+](=O)[O-],0.159
*CC(*)OC(C)C,0.212
*CC(*)C(=O)C1CCCCC1,0.204
*CC(*)C(=O)c1ccc(C(C)(C)C)cc1,0.192
*CC(*)C(=O)c1ccc(C)cc1,0.198
*CC(*)OC(=O)c1ccc(OC(=O)CCC)cc1,0.223
*CC(*)OC(=O)C1(F)C(F)(F)C(F)(F)C(F)(F)C(F)(F)C1(F)F,0.086
*CC(*)c1cccs1,0.2
*C1Cc2ccccc2C1*,0.13
*CCC/C=C(/*)c1ccc(Cl)cc1,0.184
*CC(*)CNc1ccc([N+](=O)[O-])cn1,0.192
*CC(*)OC(=O)CCCCCCCCCCCCCCCCCCCCC,0.371
*CC(*)OCCCCCCCCCCCCCCCCCC,0.387
*CC(*)C(=O)OCC,0.231
*CC(*)C(=O)OCCCC,0.208
*CC(*)C(=O)OCCCCCC,0.257
*CC(*)C(=O)OCCCCCCCCCCCCCC,0.322
*CC(*)C(=O)OCCCCCCCCCCCCCCCC,0.363
*CC(*)C(=O)OCCCCCCCCCCCCCCCCCC,0.38
*CC(*)C(=O)OCCCCCCCCCCCCCCCCCCCCCC,0.359
*CC(*)C(=O)OC(F)(C(F)(F)F)C(F)(F)F,0.112
*CC(*)(C)C(=O)OC,0.16
*CC(*)(C)C(=O)OCC,0.17
*CC(*)(C)C(=O)OCCCC,0.203
*CC(*)(C)C(=O)OC(C)CC,0.182
*CC(*)(C)C(=O)OC(C)(C)C,0.153
*CC(*)(C)C(=O)OCCCCCC,0.184
*CC(*)(C)C(=O)OCCCCCCCC,0.242
*CC(*)(C)C(=O)OCCCCCCCCCCCC,0.267
*CC(*)(C)C(=O)OCCCCCCCCCCCCCC,0.312
*CC(*)(C)C(=O)OCCCCCCCCCCCCCCCC,0.26
*CC(*)(C)C(=O)OCCCCCCCCCCCCCCCCCC,0.317
*CC(*)(C)C(=O)OC1CCCCC1,0.224
*CC(*)(C)C(=O)OC1CCCCC1C,0.153
*CC(*)(C)C(=O)OC1CCC(C)CC1,0.171
*CC(*)(C)C(=O)OC1CCCC(C)C1,0.155
*CC(*)(C)C(=O)OC1CC(C)CC(C)(C)C1,0.146
*CC(*)(C)C(=O)Oc1ccccc1,0.184
*CC(*)(C)C(=O)Oc1ccccc1C,0.191
*CC(*)(C)C(=O)OCc1ccccc1,0.176
*CC(*)(C)C(=O)OCCc1ccccc1,0.168
*CC(*)(C)C(=O)Oc1ccc2ccccc2c1,0.164
*CC(*)(C)C(=O)OCCF,0.168
*CC(*)(C)C(=O)OCCCl,0.133
*CC(*)(C)C(=O)OCCBr,0.128
*CC(*)(C)C(=O)OC(C)C(F)(F)F,0.114
*CC(*)(C)C(=O)OC(C(F)(F)F)C(F)(F)F,0.076
*CC(*)(C)C(=O)OC(F)(C(F)(F)F)C(F)(F)F,0.069
*CC(*)(C)C(=O)OC(C(F)(F)F)(C(F)(F)F)C(F)(F)F,0.047
*CC(*)(C)C(=O)OC(F)(C(F)(F)F)C(F)(F)Cl,0.069
*CC(*)(C)C(=O)OCC(F)(F)C(F)(F)C(F)(F)C(F)(F)C(F)(F)C(F)(F)C(F)(F)F,0.074
*CC(*)(C)C(=O)Oc1c(Cl)c(Cl)c(Cl)c(Cl)c1Cl,0.083
*CC(*)(C)C(=O)OCc1ccccc1Cl,0.159
*CC(*)(C)C(=O)OCCOCC,0.212
*CC(*)(C)C(=O)OCC1CCCO1,0.172
*CC(*)(C)C(=O)OCc1ccco1,0.172
*CC(*)(C)C(=O)OCCN(C)C,0.201
*CC(*)(C)C(=O)OCCN(CC)CC,0.238
*CC(*)(C)C(=O)OCc1cccc([N+](=O)[O-])c1,0.158
*CC(*)(Cl)C(=O)OCC,0.199
*CC(*)(Cl)C(=O)OC(C)CC,0.174
*CC(*)(Cl)C(=O)OC1CCCCC1,0.137
*CC(*)C(=O)NC(C)C,0.203
*CC(*)C(=O)N(CCCC)CCCC,0.211
*CC(*)C(=O)NCCCCCCCCCCCC,0.344
*CC(*)C(=O)NCCCCCCCCCCCCCC,0.375
*CC(*)C(=O)NCCCCCCCCCCCCCCCC,0.311
*CC(*)C(=O)NCCCCCCCCCCCCCCCCCC,0.383
*CC(*)C(=O)NCCCCCCCCCCCCCCCCCCCCCC,0.367
*CC(*)C(=O)OC(CC)CC,0.213
*CC(*)(C)C(=O)Oc1cccc(C)c1,0.151
*CC(*)C(=O)OCC(CC)CCCC,0.231
*CC(*)C(=O)OCCCCCCCCC,0.281
*CC(*)C(=O)OC1CCCCC1,0.201
*CC(*)C(=O)OC1CC(C)CC(C)(C)C1,0.221
*CC(*)(C)C(=O)OCCCCCCCCCC,0.259
*CC(*)(C)C(=O)OC1CC2CCC1(C)C2(C)C,0.143
*CC(*)(Cl)C(=O)OCCC,0.173
*CC(*)(Cl)C(=O)OCCCC,0.178
*CC(*)(C#N)C(=O)OC,0.161
*CC(*)C(=O)OCC(C)CC,0.221
*CC(*)C(=O)OC(C)CCCCC,0.241
*CC(*)C(=O)OC(C)CCCCCC,0.245
*CC(*)C(=O)OCC(CC)CC,0.21
*CC(*)C(=O)OCC(C)(C)C,0.212
*CC(*)C(=O)OC(C)CC(C)C,0.207
*CC(*)C(=O)OC(CCC(CC)CCCC)CC(C)C,0.232
*CC(*)C(=O)OCCC#N,0.195
*CC(*)C(=O)OCCSC,0.181
*CC(*)C(=O)OCCCSC,0.211
*CC(*)C(=O)OCCSCC,0.218
*CC(*)C(=O)OCCCCSC,0.201
*CC(*)C(=O)OCCCSCC,0.216
*CC(*)C(=O)OCCSCC#N,0.183
*CC(*)C(=O)OCCSCCC#N,0.188
*CC(*)C(=O)OCCSCCCC#N,0.18
*CC(*)C(=O)OCCCSCCC#N,0.219
*CC(*)C(=O)OCCCCCCSCC#N,0.218
*CC(*)C(=O)OC12CC3CC(C)(CC(C)(C3)C1)C2,0.164
*CC(*)C(=O)N1CCCCC1,0.218
*CC(*)C(=O)N1CCOCC1,0.212
*CC(*)C(=O)Oc1ccccc1,0.196
*CC(*)C(=O)Oc1ccccc1C,0.174
*CC(*)C(=O)Oc1cccc(C)c1,0.206
*CC(*)C(=O)Oc1ccc(C)cc1,0.193
*CC(*)C(=O)Oc1ccccc1C(C)(C)C,0.175
*CC(*)C(=O)Oc1ccc(C(C)(C)C)cc1,0.225
*CC(*)C(=O)Oc1ccc(OC)cc1,0.208
*CC(*)C(=O)Oc1ccc(C(=O)OCCCC)cc1,0.233
*CC(*)C(=O)Oc1ccc(-c2ccccc2)cc1,0.206
*CC(*)C(=O)OCc1ccccc1,0.199
*CC(*)C(=O)OCCc1ccccc1,0.196
*CC(*)C(=O)Oc1cccc(N(C)C)c1,0.221
*CC(*)C(=O)N(C)c1ccccc1,0.178
*CC(*)C(=O)Oc1ccc(C#N)cc1,0.185
*CC(*)C(=O)OCc1ccc(C#N)cc1,0.182
*CC(*)C(=O)Oc1ccccc1Cl,0.166
*CC(*)C(=O)Oc1ccc(Cl)cc1Cl,0.119
*CC(*)C(=O)Oc1c(Cl)c(Cl)c(Cl)c(Cl)c1Cl,0.085
*CC(*)C(=O)Oc1cccc2ccccc12,0.165
*CC(*)C(=O)N(C)C,0.213
*CC(*)C(=O)NCCCC,0.252
*CC(*)C(=O)NC(C)CC,0.226
*CC(*)C(=O)NC(C)(C)C,0.199
*CC(*)C(=O)N(C(C)C)C(C)C,0.187
*CC(*)(C)C(=O)OCCCCC,0.19
*CC(*)(C)C(=O)OCC(CC)CCCC,0.194
*CC(*)(C)C(=O)OCCC(C)(C)C,0.19
*CC(*)(C)C(=O)OC(C)C(C)(C)C,0.168
*CC(*)(C)C(=O)OCCC(C)CC(C)(C)C,0.198
*CC(*)(C)C(=O)OCCOC,0.182
*CC(*)(C)C(=O)OCCNC(C)(C)C,0.184
*CC(*)(C)C(=O)OCCC#N,0.138
*CC(*)(C)C(=O)OCC[N+](=O)[O-],0.19
*CC(*)(C)C(=O)OCC(F)(F)C(F)(F)C(F)(F)C(F)F,0.095
*CC(*)(C)C(=O)OC(F)(F)C(F)(F)C(F)(F)C(F)(F)C(F)(F)C(F)(F)C(F)(F)C(F)(F)F,0.083
*CC(*)(C)C(=O)OCC(F)(F)C(F)(F)C(F)(F)C(F)(F)C(F)(F)C(F)(F)C(F)(F)C(F)F,0.09
*CC(*)(C)C(=O)OCCS(=O)CC,0.199
*CC(*)(C)C(=O)OCC1(C)COCOC1,0.111
*CC(*)(C)C(=O)OCC1(C)COC(C)(C)OC1,0.159
*CC(*)(C)C(=O)OCC(C)(C)C1OCC(C)(C)CO1,0.182
*CC(*)(C)C(=O)OC12CC3CC(CC(C3)C1)C2,0.133
*CC(*)(C)C(=O)OC12CC3CC(C)(CC(C)(C3)C1)C2,0.119
*CC(*)(C)C(=O)Oc1ccc(CC#N)cc1,0.162
*CC(*)(CC)C(=O)OCC,0.156
*CC(*)(CC(=O)OCC)C(=O)OCC,0.173
*CC(*)(CC(=O)OCCCC)C(=O)OCCCC,0.238
*CC(*)(C#N)C(=O)OCCCC,0.189
*CC(*)(CF)C(=O)OC,0.129
*CC(*)(CF)C(=O)OCC,0.187
*CC(*)(Cl)C(=O)OC(C)C,0.139
*CC(*)(CC(=O)OC1CCCCC1)C(=O)OC1CCCCC1,0.156
*CC(*)(CC(=O)OCC1CCCCC1)C(=O)OCC1CCCCC1,0.19
*CC(*)(CC(=O)OCCC1CCCCC1)C(=O)OCCC1CCCCC1,0.213
*CC(*)(CC(=O)OCCCC1CCCCC1)C(=O)OCCCC1CCCCC1,0.199
*CC(*)(CC(=O)Oc1ccccc1)C(=O)Oc1ccccc1,0.161
*CC(*)(CC(=O)OCc1ccccc1)C(=O)OCc1ccccc1,0.179
*CC(*)(CC(=O)OCCc1ccccc1)C(=O)OCCc1ccccc1,0.207
*CC(*)(CC(=O)OCCCc1ccccc1)C(=O)OCCCc1ccccc1,0.21
*CC(*)C(=O)Oc1ccc(Cl)cc1,0.145
*CC(*)(C)C(=O)Oc1ccc(C#N)cc1,0.13
*CC(*)C(=O)OCCC(C)C,0.219
*CC(*)C(=O)OCC(C)CCC,0.212
*CC(*)C(=O)OCC(F)(F)C(F)(F)OC(F)(F)C(F)(F)C(F)(F)C(F)(F)F,0.086
*CC(*)C(=O)OCCC(C)OC,0.212
*CC(*)(C)C(=O)OC1CCC(C(C)(C)C)CC1,0.138
*CC(*)(C)C(=O)OCC(F)(F)C(F)(F)C(F)(F)C(F)(F)C(F)(F)C(F)F,0.113
*CC(*)(C)C(=O)OCC(C)(C)C,0.165
*CC(*)(C)C(=O)Oc1ccc(C(C)(C)C)cc1,0.186
*CC(*)(CC(=O)OC)C(=O)OC,0.152
*CC(*)(C)C(N)=O,0.158
*CC(*)(C)C(=O)Oc1ccc(C)cc1,0.168
*C1C(=O)N(C2CCCCC2)C(=O)C1*,0.165
*CC(*)(CC(=O)OCCCCC)C(=O)OCCCCC,0.209
*CC(*)(CC(=O)OCCCCCC)C(=O)OCCCCCC,0.223
*CC(*)(CC(=O)OCCC)C(=O)OCCC,0.187
*CC(*)(CC(=O)Oc1ccccc1C)C(=O)Oc1ccccc1C,0.157
*CC(*)(CC(=O)Oc1cccc(C)c1)C(=O)Oc1cccc(C)c1,0.167
*CC(*)(CC(=O)Oc1ccc(C)cc1)C(=O)Oc1ccc(C)cc1,0.187
*CC(*)(C#N)C(=O)OCC,0.174
*CCC(C(=O)OCC)C(*)C(=O)OCC,0.23
*C1C(=O)N(c2ccccc2)C(=O)C1*,0.156
*C1C(=O)N(c2ccc(C)cc2)C(=O)C1*,0.153
*CC(*)(C)C(=O)Oc1ccc(C)cc1C,0.145
*CC(*)(C)C(=O)OCCN(CC)S(=O)(=O)C(F)(F)C(F)(F)C(F)(F)C(F)(F)C(F)(F)C(F)(F)C(F)(F)C(F)(F)F,0.105
*CC(*)(C#N)C(=O)OCCCCCC,0.225
*CC(*)(C)C(=O)OCC1CO1,0.17
*CC(*)(C)C(=O)OCCCCCCOc1ccc(-c2ccc(OC)cc2)cc1,0.218
*CC(*)(C)C(=O)OCCN(CC)c1ccc(/N=N/c2ccc([N+](=O)[O-])cc2)cc1,0.178
*CC(*)C(=O)OCCN(CC)c1ccc(/N=N/c2ccc([N+](=O)[O-])cc2)cc1,0.207
*CC(*)C(=O)OCCCCCC(=O)Oc1ccc(-c2ccc(C#N)cc2)cc1,0.241
*CCCC(*)(C)C(=O)O,0.209
*CC(*)(C)C(=O)NC(=O)Oc1c(Br)cc(S(=O)(=O)c2cc(Br)c(O)c(Br)c2)cc1Br,0.109
*CC(*)(C)C(=O)NC(=O)OC(C)COc1c(Br)cc(S(=O)(=O)c2cc(Br)c(OCC(C)O)c(Br)c2)cc1Br,0.145
*CC(*)C(=O)OCCCCCCOc1ccc(C(=O)Oc2ccc(C#N)cc2)cc1,0.201
*CC(*)(C)C(=O)OCCCCn1c2ccccc2c2ccccc21,0.176
*CC(*)C(=O)NCCCCCC(=O)O,0.25
*CC(*)C(=O)OC(C)CCC(CC)CCCC,0.212
*C1C(=O)OC(=O)C1*,0.143
*CC(*)C(=O)NCCCCCCCC/C=C/CCCCCCCC,0.307
*CC(*)Cl,0.139
*C(F)(F)C(*)(F)Cl,0.139
*CCCCCCCCCCC(Cl)C(*)Cl,0.316
*/C(F)=C(\F)C(F)(C(*)(F)F)C(F)(F)F,0.102
*CC(*)CC(C)C(F)(F)F,0.148
*CCC(Cl)C(*)Cl,0.18
*CC/C=C(/*)C,0.235
*/C=C/C(C*)CCC,0.218
*C1C=CC(*)C1,0.279
*CO*,0.246
*OC(*)C(Cl)(Cl)Cl,0.066
*OC(*)CCC#N,0.171
*CC(C)(C)O*,0.2
*CC(O*)c1ccccc1,0.181
*CCCO*,0.296
*CCCCCCCCCCO*,0.353
*CCCCCCCCCCCCO*,0.431
*CCCCCCOCO*,0.278
*CCCCCCCCCOCO*,0.277
*CCCCCCCCCCOCO*,0.297
*CCCCCCCCCCCCCCCCCCOCO*,0.406
*CCCCCCCCCCOCCCCCCOCCCCCCO*,0.362
*CCCCCCCCCCOCCCCCCCCCCOCCCCO*,0.329
*CCCCCCCCCCOCCCCCCCCCCOCCCCCO*,0.385
*CCCCCCCCCCOCCCCCCCCCCOCCCCCCO*,0.269
*CCCCSSCCCCO*,0.199
*CCCCSSCCCCOCO*,0.196
*CCOCCOC(=O)CCCCCCCCC(=O)O*,0.229
*CCCCCCC(=O)NCCCCCCNC(=O)CCCCCCO*,0.322
*CCCCCCCCC(=O)NCCCCCCNC(=O)CCCCCCCCO*,0.358
*CCCCCCCCC(=O)NCCCCCOCCCCCNC(=O)CCCO*,0.289
*CCCCCCCCCCC(=O)NCCCCCOCCCCCNC(=O)CCCO*,0.303
*CCCCCCCCC(=O)NCCCCCOCCCCCNC(=O)CCCCO*,0.287
*CCCCCCCCCCC(=O)NCCCCCOCCCCCNC(=O)CCCCO*,0.335
*CCCCCNC(=O)CCCCCCOCCCCCCC(=O)NCCCCCO*,0.285
*CCCCCNC(=O)CCCCCCCCOCCCCCCCCC(=O)NCCCCCO*,0.267
*CCCC(=O)NCc1ccc(CNC(=O)CCCO*)cc1,0.259
*C(=O)NCCCCCCCCCCNC(=O)c1ccc(*)o1,0.217
*CCC(=O)OC(=O)CCc1ccc(*)o1,0.216
*Oc1ccc(S(=O)(=O)c2ccc(*)cc2)cc1,0.268
*Oc1ccc(S(=O)(=O)c2ccc(Oc3ccc(C(C)(C)c4ccc(*)cc4)cc3)cc2)cc1,0.204
*CCOCCOC(=O)C(CCCCCCCCC)C(=O)O*,0.224
*CCOCCOC(=O)CCCCCCCCCCCCCCCCC(=O)O*,0.349
*CC(O)COc1ccc(C(C)(C)c2ccc(O*)cc2)cc1,0.198
*Oc1c(C)cc(*)cc1-c1ccccc1,0.194
*CC(O)COc1c(Cl)cc(C(C)(C)c2cc(Cl)c(O*)c(Cl)c2)cc1Cl,0.149
*OC1CCCCC1*,0.17
*CCCCCCCCc1nnc(*)o1,0.324
*CCCCCCCCCCCCCCCCCCCCOC(=O)COCC(=O)O*,0.325
*CCOCCOCCOC(=O)CCCCCCCC(=O)O*,0.267
*CC(CCl)(CCl)O*,0.116
*Oc1cccc(NC(=O)CCCCCCCCCCC(=O)Nc2ccc(*)cc2)c1,0.319
*Oc1ccc(NC(=O)CCCCCCCCCC(=O)Nc2ccc(*)cc2)cc1,0.375
*c1ccc(-c2nc3ccc(Oc4ccc5nc(*)c(-c6ccccc6)c(-c6ccccc6)c5c4)cc3c(-c3ccccc3)c2-c2ccccc2)cc1,0.27
*ON(C(F)(F)F)C(F)(F)C(*)(F)F,0.091
*Oc1ccc(Oc2ccc(C(=O)c3ccccc3-c3ccccc3C(=O)c3ccc(*)cc3)cc2)cc1,0.221
*Oc1ccc(C(C)(C)c2ccc(Oc3ccc(C(=O)Nc4ccc(-c5ccc(NC(=O)c6ccc(*)cc6)cc5C(F)(F)F)c(C(F)(F)F)c4)cc3)cc2)cc1,0.269
*CCCCCCCCCCOc1ccc(OC(=O)c2ccc(OCCCCCCOc3ccc(C(=O)Oc4ccc(O*)cc4)cc3)cc2)cc1,0.344
*CCCCCCOC(=O)OCCCCCCOC(=O)OCCCCCCOc1ccc(-c2ccc(O*)cc2)cc1,0.329
*CCc1ccc(*)o1,0.279
*c1cccc(-c2nc3ccc(-c4ccc5oc(*)nc5c4)cc3o2)c1,0.38
*CS*,0.172
*SC(*)(F)F,0.114
*CCS*,0.223
*CCCCSS*,0.175
*CCCCSCCS*,0.226
*CCCCCCSCCS*,0.234
*CCCCCCSSCCCCSS*,0.192
*CCCCCCSCCCCCS*,0.241
*CCCCCCCCCCSCCCCCCS*,0.331
*CCCCCCCCCCCSCCCCCCS*,0.315
*CCCCCCCCCCC(=O)NCc1ccc(CNC(=O)CCCCCCCCCCS*)cc1,0.285
*CCCCCCCCCCC(=O)NCCc1ccc(CCNC(=O)CCCCCCCCCCS*)cc1,0.296
*CCCCCCCCCCSSCCCCCCSS*,0.23
*CC1CCC(COC(=O)NCCSCCCCCCSCCNC(=O)O*)CC1,0.24
*CCCCCCCCCCOC(=O)CCCCSCCCCC(=O)O*,0.27
*CCCCCCCCCCCCCCCCCCCCOC(=O)CCCCSCCCCC(=O)O*,0.322
*CCCCCCOC(=O)CCCCSCCCCC(=O)O*,0.224
*CCCCCCCCSSCCCCSS*,0.192
*CCCCCOC(=O)CCCCSCCCCC(=O)O*,0.202
*CCOC(=O)CCCCSCCCCC(=O)O*,0.212
*Sc1c(C)cc(*)cc1C,0.145
*CCc1ccc(*)s1,0.288
*c1ccc2c(c1)SC1=Nc3cc(-c4ccc5c(c4)N=C4Sc6cc(*)ccc6N=C4N5)ccc3NC1=N2,0.506
*CCCCCCCCCCOC(=O)CCC(=O)O*,0.285
*CCCCCCCCCCOC(=O)CCCC(=O)O*,0.263
*CCCCCCCCCCOC(=O)CCCCCCC(=O)O*,0.345
*CCCCCCCCCOC(=O)CCCCCCCC(=O)O*,0.294
*CCCCCCCCCCOC(=O)CCCCCCCC(=O)O*,0.333
*CCCCCCCCCCOC(=O)CCCCCCCCC(=O)O*,0.281
*CCCCCCCCCCCCCCC(=O)O*,0.36
*CCCCCCCCCCCCCCCC(=O)O*,0.395
*CCCCCCCCCCOC(=O)CCCCCCCCCCCCCCCCC(=O)O*,0.342
*CCCCCCCCCCCCOC(=O)CCCCC(=O)O*,0.292
*CCCCCCCCCCCCOC(=O)CCCCCCC(=O)O*,0.284
*CCCCCCCCCCCCCCOC(=O)CCCCC(=O)O*,0.356
*CCCCCCCCCCCCCCOC(=O)CCCCCCC(=O)O*,0.317
*CCCOC(=O)CCCCCCCCCCCCCCCCC(=O)O*,0.364
*CC1CCC(COC(=O)CCCCCCCCCCC(=O)O*)CC1,0.279
*CCCCCCCCCCOC(=O)CCCCCNC(=O)CCCCC(=O)NCCCCCC(=O)O*,0.296
*CCCCCCCCCCOC(=O)c1ccc(C(=O)NCCCCCNC(=O)c2ccc(C(=O)O*)cc2)cc1,0.307
*CCCCCCCCCCOC(=O)CCCCS(=O)(=O)CCCCC(=O)O*,0.278
*CCCCCCCCCCCCOC(=O)CCCCCNC(=O)CCCCC(=O)NCCCCCC(=O)O*,0.306
*CCCCCCCCCCCCCCCCCCCCOC(=O)CCCCC(=O)O*,0.355
*CCCCCCCCCCCCCCCCCCCCOC(=O)CCC(C)CC(=O)O*,0.362
*CCCCCCCCCCCCCCCCCCCCOC(=O)CCCCCCCC(=O)O*,0.507
*CCCCCCCCCCCCCCCCCCCCOC(=O)CCCC(=O)O*,0.302
*CCCCCCCCCCCCCCCCCCCCOC(=O)CC(=O)O*,0.318
*CCCCCCCCCCCCCCCCCCCCOC(=O)C(=O)O*,0.355
*CCCCCCCCCCCCCCCCCCCCOC(=O)CCCCCC(=O)O*,0.406
*CCCCCCCCCCCCCCCCCCCCOC(=O)CCCCCCCCC(=O)O*,0.276
*CCCCCCCCCCCCCCCCCCCCOC(=O)CCCCCCC(=O)O*,0.338
*CCCCCCCCCCCCCCCCCCCCOC(=O)CCC(=O)O*,0.362
*CCCCCCCCCCCCCCCCCCCCOC(=O)CCCCS(=O)(=O)CCCCC(=O)O*,0.322
*CCCCCCCCCOC(=O)c1ccc(C(=O)NCCCCCCNC(=O)c2ccc(C(=O)O*)cc2)cc1,0.259
*CCCCCCCCCOC(=O)c1ccc(C(=O)NCCCCCNC(=O)c2ccc(C(=O)O*)cc2)cc1,0.315
*CCCCCCCCCCCCCCCCCCOC(=O)c1ccc(C(=O)O*)cc1,0.304
*CCCCCCCCOC(=O)CCCCCNC(=O)CCCCC(=O)NCCCCCC(=O)O*,0.293
*CCCCCCCCOC(=O)c1ccc(C(=O)NCCCCCCNC(=O)c2ccc(C(=O)O*)cc2)cc1,0.261
*CCCCCCCCOC(=O)CCCCCNC(=O)c1ccc(C(=O)NCCCCCC(=O)O*)cc1,0.276
*CCCOC(=O)C1CCC(C(=O)O*)CC1,0.222
*CCC(C)CCC(=O)O*,0.253
*Oc1cc(CCC)cc(OC(=O)c2cccc(C(*)=O)c2)c1,0.234
*Oc1cccc(OC(=O)c2ccc(C(C)(C)c3ccc(C(*)=O)cc3)cc2)c1,0.223
*Oc1ccc(C(C)(C)c2ccc(OC(=O)CN(CC(*)=O)c3ccc(/N=N/c4ccc([N+](=O)[O-])cc4)cc3)cc2)cc1,0.244
*Oc1ccc(-c2ccc(-c3cc(-c4ccccc4)c(-c4ccc(-c5ccc(OC(=O)c6ccc(C(*)=O)cc6-c6ccccc6)cc5)cc4)c(-c4ccccc4)c3-c3ccccc3)cc2)cc1,0.315
*Oc1ccc(OC(=O)CCCCCCCCC(*)=O)cc1,0.257
*Cc1ccc2nc(-c3cc(-c4nc5ccc(*)cc5c(=O)o4)cc(N4C(=O)c5ccccc5C4=O)c3)oc(=O)c2c1,0.227
*CCCCNC(=O)CCCCC(=O)N*,0.302
*CCCCCNC(=O)CCCCC(=O)N*,0.327
*CCCCCC(=O)N*,0.301
*CCCCCCNC(=O)CCCCCC(=O)N*,0.278
*CCCCCCNC(=O)CCCCCCC(=O)N*,0.345
*CCCCCCCNC(=O)CCCCC(=O)N*,0.323
*CCCCCCCNC(=O)CCCCCC(=O)N*,0.334
*CCCCCCCC(=O)N*,0.329
*CCCCCCCCNC(=O)CCCCC(=O)N*,0.291
*CCCCCCCCNC(=O)CCCCCCCCC(=O)N*,0.392
*CCCCCCCCNC(=O)CCCCCCCCCCC(=O)N*,0.346
*CCCCCCCCNC(=O)CCCCCCCCCCCCCCCCCCCCC(=O)N*,0.425
*CCCCCCCCCCCC(=O)N*,0.346
*CCCCCCCCCCCCC(=O)N*,0.33
*CCCCCCCCCCCCCCNC(=O)CCCCCCCCCCCCCCCCC(=O)N*,0.434
*CCCCCCCCCCCCCCCCCCNC(=O)CCCCCCCCCCCCCCCCC(=O)N*,0.453
*CCCCCCCCCCNC(=O)CCCCCCCCC(=O)N*,0.408
*CCc1ccc(CCNC(=O)CCCCCCCCCCCCCCCCC(=O)N*)cc1,0.368
*Cc1ccc(CNC(=O)CCCCCCCCCCCCCCCCC(=O)N*)cc1,0.33
*CCCCCCCCCCCCCCCCCCNC(=O)CCc1ccc(CCC(=O)N*)cc1,0.376
*CCCCCCCCCNC(=O)CCCCCCCC(=O)N*,0.361
*CC(=O)N*,0.277
*CCCCNC(=O)CC/C=C/CCC(=O)N*,0.258
*CCCCCNC(=O)CCCCCCCC(=O)N*,0.301
*CCCCCCNC(=O)CC/C=C/CCC(=O)N*,0.278
*CCCCCCCCCCCCNC(=O)C(=O)N*,0.309
*CCCCCCCCCCNC(=O)CC/C=C/CCC(=O)N*,0.313
*CCCCC(C)CC(=O)N*,0.254
*CCCCCCCCCCC(=O)NCCCCCC(=O)N*,0.277
*CCCCCCCCCCCCCCCCC(=O)N*,0.379
*CCNC(=O)CCCCCCCCC(=O)N*,0.323
*CCCCNC(=O)CCCCCCC(=O)N*,0.285
*CCCCNC(=O)CCCCCCCCC(=O)N*,0.355
*CCCCNC(=O)CCCCCCCCCC(=O)N*,0.323
*CCCCNC(=O)CCCCCCCCCCC(=O)N*,0.332
*CCCCCNC(=O)CCCCCCCCCCCCC(=O)N*,0.342
*CCCCCCNC(=O)CCCCCCCCCCCCC(=O)N*,0.355
*CCCCCCNC(=O)CCCCCCCCCCCCCCCCC(=O)N*,0.396
*CCCCCCCNC(=O)CCCCCCCCC(=O)N*,0.324
*CCCCCCCNC(=O)CCCCCCCCCC(=O)N*,0.407
*CCCCCCCCNC(=O)CCCCCCCC(=O)N*,0.308
*CCCCCCCCNC(=O)CCCCCCCCCCCCC(=O)N*,0.381
*CCCCCCCCNC(=O)CCCCCCCCCCCCCCCCC(=O)N*,0.373
*CCCCCCCCCNC(=O)CCCCCCCCC(=O)N*,0.349
*CCCCCCCCCNC(=O)CCCCCCCCCC(=O)N*,0.312
*CCCCCCCCCNC(=O)CCCCCCCCCCCC(=O)N*,0.348
*CCCCCCCCCCNC(=O)CCCCCCC(=O)N*,0.422
*CCCCCCCCCCNC(=O)CCCCCCCCCCCC(=O)N*,0.369
*CCCCCCCCCCNC(=O)CCCCCCCCCCCCC(=O)N*,0.342
*CCCCCCCCCCNC(=O)CCCCCCCCCCCCCCCCC(=O)N*,0.381
*CCCCCCCCCCNC(=O)CCCCCCCCCCCCCCCCCCC(=O)N*,0.387
*CCCCCCCCCCNC(=O)CCCCCCCCCCCCCCCCCCCCC(=O)N*,0.388
*CCCCCCCCCCCNC(=O)CCCCC(=O)N*,0.33
*CCCCCCCCCCCCNC(=O)CCCCC(=O)N*,0.375
*CCCCCCCCCCCCNC(=O)CCCCCCCCC(=O)N*,0.374
*CCCCCCCCCCCCNC(=O)CCCCCCCCCCCCCCCCCCCCC(=O)N*,0.394
*CCCCCCCCCCCCCCNC(=O)CCCCCCCCC(=O)N*,0.395
*CCCCCCCCCCCCCCNC(=O)CCCCCCCCCCC(=O)N*,0.346
*CCCCCCCCCCCCCCNC(=O)CCCCCCCCCCCCCCCCCCCCC(=O)N*,0.392
*CCCCCCCCCCCCCCCCCCNC(=O)CCCCCCCCCCC(=O)N*,0.434
*CCc1ccc(CCNC(=O)CCCCCCCCCCCCCCCCCCCCC(=O)N*)cc1,0.32
*CCCCCCN(C)C(=O)CCCCCCCCCCCCCCCCC(=O)N(*)C,0.353
*CCCCCCCCCCC(=O)NCCCCCCNC(=O)CCCCO*,0.357
*CCCCCCCCCCC(=O)NCCCCCCNC(=O)CCCO*,0.325
*CCCCCCCCC(=O)NCCCCCCNC(=O)CCCCO*,0.319
*CCCCCCCCC(=O)NCCCCCCNC(=O)CCCO*,0.286
*CCCCCCCCCCCCCCCCCCCCCC(=O)N*,0.433
*CCCCCCCCCCNC(=O)C(CCCCCCCCCCCC)C(=O)N*,0.35
*CCCCCCCCCCNC(=O)CCCCCCCCC(=O)NCCCCCCCCCCNC(=O)C(=O)N*,0.413
*CCCCCCNC(=O)C(CCCCCCCCCCCCCCCCC)C(=O)N*,0.351
*CCCCCCNC(=O)C(CCCCCCCCCCCCCCCC)C(=O)N*,0.324
*CCCCCCNC(=O)C(CCCCCCCCCCCCCCCCCC)C(=O)N*,0.354
*CCCCCCNC(=O)C(CCCCCCCCCCCCCCC)C(=O)N*,0.337
*CCCCCCNC(=O)C(CCCCCCCCCCCCCC)C(=O)N*,0.319
*CCCCCCNC(=O)C(CCCCCCCCCCCCC)C(=O)N*,0.293
*CCCCCCCCCNC(=O)C(CCCCCCCCCCCC)C(=O)N*,0.347
*CCCCCCCCCNC(=O)CCCCCCCCC(=O)NCCCCCCCCCNC(=O)C(=O)N*,0.312
*CCCCCCCCNC(=O)C(CCCCCCCCCCCC)C(=O)N*,0.331
*CCCCCNC(=O)CCCCCCCCCCCCCCCCC(=O)N*,0.417
*CCCCCNC(=O)CCCCCCCCCCCC(=O)N*,0.355
*CCc1ccc(CCNC(=O)CCCCCCCCCCCCCCCC(=O)N*)cc1,0.352
*CCCCCCCCCCCNC(=O)CCCCCCCCC(=O)NCCCCCCCCCCCNC(=O)C(=O)N*,0.32
*Cc1ccc(CNC(=O)CCCCCCCCCCCCCCCCCCCCC(=O)N*)cc1,0.359
*CCCCCCCNC(=O)C(CCCCCCCCCCCC)C(=O)N*,0.346
*CCCCCNC(=O)O*,0.268
*CCCCCCCCCCOC(=O)NCCCCCCCCCCNC(=O)O*,0.316
*CCCCCCCCCCCCCCCCOC(=O)NCCCCCCNC(=O)O*,0.348
*CCCCCCCCCCCCCCCCOC(=O)NCCCCCCCCCCNC(=O)O*,0.275
*CCCCCCCCCCCCCNC(=O)CCCCCCCCCCCC(=O)N*,0.384
*CCCCCCNC(=O)N*,0.328
*CCCCCCCCCCCCNC(=O)NCCCCCCNC(=O)N*,0.355
*CCCCCCCCCCCCCCNC(=O)NCCCCCCNC(=O)N*,0.4
*CCCCCCCCCCCCCCCCCCNC(=O)NCCCCCCNC(=O)N*,0.383
*CCCCCCCCCCCCCCNC(=O)NCCCCCCCCCCNC(=O)N*,0.344
*CCCCCCCCCCCCCCCCCCNC(=O)NCCCCCCCCCCNC(=O)N*,0.39
*CCCCCCCCCCNC(=O)NCCCCCCCCNC(=O)N*,0.366
*c1ccc(NC(=O)Nc2ccc(NC(=O)Nc3ccc(-c4nc(-c5ccc([N+](=O)[O-])cc5)[nH]c4*)cc3)cc2)cc1,0.269
*CCCC1CC(=O)N(*)C(=O)C1,0.23
*C(=O)c1ccc2c(c1)C(=O)N(c1ccc(Oc3ccc(C(=O)c4cccc(C(=O)c5ccc(Oc6ccc(N7C(=O)c8ccc(*)cc8C7=O)cc6)cc5)c4)cc3)cc1)C2=O,0.328
*c1ccc(Oc2cccc(Oc3ccc(N4C(=O)c5cccc(Oc6cccc(Oc7cccc8c7C(=O)N(*)C8=O)c6)c5C4=O)cc3)c2)cc1,0.165
*c1ccc(N2C(=O)c3ccc(C(=O)c4ccc5c(c4)C(=O)N(c4ccc(-c6nc7cc(-c8ccc9nc(-c%10ccccc%10)c(*)nc9c8)ccc7nc6-c6ccccc6)cc4)C5=O)cc3C2=O)cc1,0.224
*c1ccc2c(c1)C(=O)N(c1cc(OCCN(CC)c3ccc(/N=N/c4ccc([N+](=O)[O-])cc4)cc3)cc(N3C(=O)c4ccc(C(*)(C(F)(F)F)C(F)(F)F)cc4C3=O)c1)C2=O,0.154
*c1ccc(N2C(=O)c3ccc(-c4cccc5c4C(=O)N(*)C5=O)cc3C2=O)cc1,0.233
*C1C(=O)N(c2ccccc2C(=O)OC)C(=O)C1*,0.143
*OC(=O)CCCCCC(*)=O,0.237
*Oc1ccc(C(C)(C)c2ccc(OC(*)=O)cc2)cc1,0.239
*CC(C)(C)CS(=O)(=O)CC(C)(C)COC(=O)O*,0.186
*CCN*,0.351
*CCN(*)C(=O)CCCCCCCCCCCCCCCCC,0.401
*CCCN*,0.354
*c1nc(-c2ccccc2)nc(N(c2ccccc2)c2ncnc(N(*)c3ccccc3)n2)n1,0.185
*c1nc(C)nc(N(CCCCCCN(*)c2ccccc2)c2ccccc2)n1,0.21
*c1ccc(-c2nnc(-c3cccc(-c4nnc(*)n4-c4ccccc4)c3)n2-c2ccccc2)cc1,0.389
*Cc1ccc(*)cc1,0.267
*CCCCCC(*)CCCCCCCCCC,0.406
*CCCCCC(*)CCCCCCCCCCCC,0.381
*CCCCCC(*)CCCCCCCCCCCCCC,0.403
*CC(*)CCCCCCCCCCCCCCCCCC,0.381
*/C=C(/*)CCCCCCCCCCCCCCCCCCCCC(=O)O,0.403
*/C=C(/*)C#CCCCCCCCCCCCCCCCCCCCCC(=O)O,0.411
*/C=C/CCCCCCC(Cl)CCCCCC*,0.341
*/C=C/CCCCCCCCCC(Cl)CCCCCCCCC*,0.342
*/C=C/CCCCCCCCCC(CCCCCCCCC*)COCCOCCOCCOCCOCCCCCC,0.31
*CCCCCCCCCCCCCCCCCCCCC(*)COCCOCCOCCOCCOCCCCCC,0.399
*/C=C/CCCCCCCCCC(CCCCCCCCC*)COCCOCCOCCOCCOCCCCCCCCCCCCCC,0.332
*CCCCCCCCCCCCCCCCCCCCC(*)COCCOCCOCCOCCOCCCCCCCCCCCCCC,0.384
*CCCCCCCCCCCCCCC(*)Cl,0.374
*CCCCCCCCCCCCCCCCCCCCC(*)Cl,0.468
*CCCCCCCCCCCCCCCCCCCCc1nnc(*)o1,0.398
*C(F)(F)C(F)(F)C1(F)C(*)(F)OC(F)(F)C1(F)F,0.127
*c1sc(*)c2c1OCC(CCCCCCCCCCCCCCCC)O2,0.445
*CCCCCCCCCCCSCCCCCCCCCCS*,0.352
*CCCCCCCCCCCCCCS*,0.341
*c1cc(CCCCCCCCCCCCCC)c(*)s1,0.418
*c1cc(CCCCCCCCCCCCCCCC)c(*)s1,0.381
*c1sc(-c2cc(CCCCCCCCCC)c(*)s2)cc1CCCCCCCCCC,0.307
*CCCCCCCCCCSCCCCS*,0.282
*c1nc2cc3sc(-c4cc(OCCCCCCCCCCCC)c(*)cc4OCCCCCCCCCCCC)nc3cc2s1,0.365
*c1cc(CCCCCCCCCCCCC)c(*)s1,0.405
*c1cc(CCCCCCCCCCCCCCC)c(*)s1,0.374
*c1cc(CCCCCCCCCCCCCCCCC)c(*)s1,0.396
*c1cc(CCCCCCCCCCCCCCCCCCC)c(*)s1,0.34
*/C=C/c1sc(*)c(OCCCCCCCCCCCC)c1OCCCCCCCCCCCC,0.365
*c1cc(CCCCCCCCCCCCCCCCCCCCCC)c(*)s1,0.397
*c1ccc(-c2sc(-c3cc(CCCCCCCCCCCC)c(*)s3)cc2CCCCCCCCCCCC)cc1,0.413
*c1cc(CCCCCCCCCCCCCCCCCC)c(*)s1,0.365
*/C=C/c1cc(CCCCCCCCCCCC)c(*)s1,0.368
*/C=C/c1sc(/C=C/c2cc(CCCCCCCCCCCC)c(*)s2)cc1CCCCCCCCCCCC,0.291
*c1ccc(-c2ccc(-c3sc(*)c(CCCCCCCCCCCC)c3CCCCCCCCCCCC)s2)s1,0.299
*c1ccc(-c2sc(-c3cc(CCCCCCCCCCCC)c(*)s3)cc2CCCCCCCCCCCC)s1,0.34
*c1ccc(-c2sc(-c3cc(SCCCCCCCCCCCC)c(*)s3)cc2SCCCCCCCCCCCC)cc1,0.349
*c1sc(*)c(OCCCCCCCCCCCC)c1C,0.379
*c1sc(*)c(OCCCCCCCCCCCCCC)c1C,0.437
*c1sc(*)c(OCCCCCCCCCCCCCCCC)c1C,0.388
*c1sc(*)c(OCCCCCCCCCCCCCCCCCCCC)c1C,0.375
*c1cc(-c2sc(-c3cc(CCCCCCCCCCCCCC)c(*)s3)cc2CCCCCCCCCCCCCC)c2cccccc1-2,0.316
*CCCCCCCCCCCCCCCCOC(=O)CCCCCCCCC(=O)O*,0.442
*CCCCCCCCCC#CC#CCCCCCCCCCOC(=O)CCCCCCCCC(=O)O*,0.307
*CCCCCCCCCCCCCCCCOC(=O)CC/C=C/CCC(=O)O*,0.304
*CCCCCCCCCCCCCCCCOC(=O)C/C=C/CC(=O)O*,0.315
*CCCCCCCCCCCCOC(=O)CC/C=C/CCC(=O)O*,0.274
*CCCCCCCCCCCCCCOC(=O)CC/C=C/CCC(=O)O*,0.318
*CCCCCCCCCCOC(=O)CCCCCCCCCCC(=O)O*,0.319
*CCCCCCCCCCCCOC(=O)CCCCCCCCCCC(=O)O*,0.297
*CCCCCCCCCCCCOC(=O)CCCCCCCCCCCCC(=O)O*,0.294
*CCCCCCCCCCCCCCCCOC(=O)CCCCCCCCCCCCC(=O)O*,0.297
*CCCCOC(=O)CCCCCCCCCCCCCCCCCCCCCCCCCCCCCCCCCCC(=O)O*,0.495
*CCCCCCCCCCCCCCCCCCCCCCOC(=O)CCC(=O)O*,0.387
*CCCCCCCCCCCCCCCCCCCCCCOC(=O)CCCCC(=O)O*,0.376
*CCCCCCCCCCCCCCCCCCCCCCOC(=O)Cc1ccccc1CC(=O)O*,0.367
*CCCCCCCCCCCCCCCCCCCCCCOC(=O)CC(CC(=O)O*)c1ccccc1,0.354
*CCCCCCCCCCCCCCC(=O)N*,0.413
*CCCCCCCCNC(=O)CCCCCCCCC(=O)NCCCCCCCCNC(=O)C(=O)N*,0.375
*CCCCCCN(C)C(=O)CCCCCCCCCCCCCCC(=O)N(*)C,0.33
*CCCCCCN(CC)C(=O)CCCCCCCCCCCCCCCCC(=O)N(*)CC,0.333
*C(=O)N(*)CCCCCCCCCCCCCCCCCC,0.416
*CCNC(=O)CCCCCCCCCCCCCCC(=O)N*,0.412
*CCCCNC(=O)CCCCCCCCCCCCCCC(=O)N*,0.374
*CCCCCCNC(=O)CCCCCCCCCCCCCCC(=O)N*,0.367
*CCCCCCCCNC(=O)CCCCCCCCCCCCCCC(=O)N*,0.355
*CCCCCCCCCCNC(=O)CCCCCCCCCCCCCCC(=O)N*,0.368
*CCCCCCCCCCCCNC(=O)CCCCCCCCCCCCCCC(=O)N*,0.396
*CCCCCCCCCCCCNC(=O)CCCCCCCCCCCCC(=O)N*,0.4
*CCCCCCCCCCCNC(=O)CCCCCCCCCCCCCCCCCCC(=O)N*,0.372
*CCCCCCCNC(=O)CCCCCCCCCCCCCCCCCCC(=O)N*,0.414
*CCCCCNC(=O)CCCCCCCCCCCCCCCCCCC(=O)N*,0.35
*CCCNC(=O)CCCCCCCCCCCCCCCCCCC(=O)N*,0.377
*CCCCCCCCCCCNC(=O)CCCCCCCCCCC(=O)N*,0.389
*CCNC(=O)CCCCCCCCCCCCCCCCC(=O)N*,0.359
*C(=O)Nc1ccc(Oc2ccc(N3C(=O)c4ccc(*)cc4C3=O)cc2)cc1,0.297
*CC(CCCCCCCCCCCCCCCC)C1C(=O)N(CCCCCCCCCCCC)C(=O)C1*,0.335
*Nc1ccc(*)cc1CCCCCCCCCCCCCCC,0.351
*CCN(*)C(=O)CCCCCCCCCCCCCC,0.309
*CCN(*)C(=O)CCCCCCCCCCCCCCC,0.36
*c1cc(CCCCCCCCCCCCCCCC)c(*)[nH]1,0.341
*c1[nH]c(*)c(CC(=O)OCCCCCCCCCCCC)c1CC(=O)OCCCCCCCCCCCC,0.316
*Nc1ccc(*)cc1OCCCCCCCCCCCCCCCC,0.367
*CCCCCCCCCCCCCCCC[N+](C)(C)CCCCCC[N+](*)(C)C,0.408
*c1cc(CCCCCCCCCCCC)c(*)cc1CCCCCCCCCCCC,0.365
*c1cc(OCCCCCCCCCC)c(*)cc1OCCCCCCCCCC,0.256
*/C=C/c1cc(OCCCCCCCCCCCCCCCC)c(/C=C/c2ccc(*)cc2)cc1OCCCCCCCCCCCCCCCC,0.333
*/C=C/c1cc(CCCCCCCCCCC)c(/C=C/c2ccc(*)cc2)cc1CCCCCCCCCCC,0.368
*/C=C/c1cc(CCCCCCCCCCCC)c(/C=C/c2ccc(*)cc2)cc1CCCCCCCCCCCC,0.315
*/C=C/c1ccc(*)c(-c2cc(OCC(CC)CCCC)c(OCC(CC)CCCC)cc2-c2ccccc2)c1,0.196
*/C=C/c1ccc(*)c(-c2cc(-c3ccccc3)c(OCC(CC)CCCC)cc2OCC(CC)CCCC)c1,0.256
*/C=C/c1ccc(*)c(-c2cc(OCC(CC)CCCC)c(-c3ccccc3)cc2OCC(CC)CCCC)c1,0.237
*c1ccc(-c2cc(-c3ccc(OCCCCCC)cc3)cc(-c3ccc(-c4ccc5c(c4)C(CCCCCC)(CCCCCC)c4cc(*)ccc4-5)cc3)c2-c2ccc(OCCCCCC)cc2)cc1,0.29
*/C=C/c1ccc(*)c(-c2c(OCC(CC)CCCC)ccc3cc(-c4ccccc4)ccc23)c1,0.212
*c1ccc(-c2ccc3c(c2)C(CCCCCCBr)(CCCCCCBr)c2cc(*)ccc2-3)cc1,0.236
*c1ccc(-c2ccc3c(c2)C(CCCCCCC#N)(CCCCCCC#N)c2cc(*)ccc2-3)cc1,0.487
*/C=C/c1ccc(*)c(-c2cc(OCCC(C)C)c(OCCC(C)C)cc2-c2ccc(OC)cc2)c1,0.308
*/C=C/c1ccc(*)c(-c2cc(OCCC(C)C)c(OCCC(C)C)cc2-c2ccc(C(F)(F)F)cc2)c1,0.184
*c1ccc(-c2ccc(C3(*)CCCCC3)cc2)cc1,0.252
*c1ccc(-c2ccc(C(*)(C)C)cc2)cc1,0.247
*c1ccc(-c2ccc(C3(*)c4ccccc4-c4ccccc43)cc2)cc1,0.203
*c1cc(*)c(O)c(/C=N/c2ccc(Cl)cc2)c1,0.141
*/C=C/c1cc(OCC2CC3CC2C2CCCC32)c(*)cc1OCC1CC2CC1C1CCCC21,0.24
*c1cc(/C=N/c2ccc(C)cc2)c(*)c(OC)c1,0.215
*c1cc(O)c(O)cc1*,0.183
*c1cc(*)c(O)c(/C=N/c2ccc(N3CCOCC3)cc2)c1,0.266
*c1ccc(-c2ccc3c(c2)C(CCCCCC)(CCCCCC)c2cc(*)ccc2-3)cc1,0.376
*c1ccc2c(c1)C(CCCCCC)(CCCCCC)c1cc(-c3cc(CCCCCC)c(*)cc3CCCCCC)ccc1-2,0.46
*c1ccc2c(c1)C(CCCCCC)(CCCCCC)c1cc(-c3cc(CCCCCCCC)c(*)cc3CCCCCCCC)ccc1-2,0.349
*c1ccc2c(c1)C(CCCCCC)(CCCCCC)c1cc(-c3cc(CCCCCCCCCC)c(*)cc3CCCCCCCCCC)ccc1-2,0.216
*/C=C/c1cc(OCCCCCCCC)c(*)cc1OC,0.31
*/C=C/c1cc(OCCCCCCCCCCCC)c(*)cc1OC,0.251
*c1cc(/C=N/c2cccc(C)c2)cc(*)c1O,0.192
*/C=C/c1cc(OCCCCCC)c(*)cc1OC,0.524
*c1cc(OCCCCCCCCCCCC)c(*)cc1O,0.309
*c1ccc2c(c1)C(CCCCCC)(CCCCCC)c1cc(-c3cc(OCCCCCCCC)c(*)cc3OCCCCCCCC)ccc1-2,0.291
*c1ccc2c(c1)C(CCCCCC)(CCCCCC)c1cc(-c3cc(OCc4ccccc4)c(*)cc3OCc3ccccc3)ccc1-2,0.184
*/C=C/c1cc(OCC(CC)CCCC)c(*)cc1-c1ccc(N(c2ccc(OC)cc2)c2ccc(OC)cc2)cc1,0.242
*/C=C/c1cc(-c2ccc3c(c2)C(CCCCCCCC)(CCCCCCCC)c2ccccc2-3)c(*)cc1-c1ccc(F)cc1F,0.198
*/C=C/c1cc(OCC(CC)CCCC)c(*)cc1-c1ccc(F)c(C(F)(F)F)c1,0.185
*c1ccc(-c2ccc(-c3ccc(C(*)(CC)C(F)(F)F)cc3)cc2)cc1,0.236
*c1ccc(-c2ccc(C(*)(c3ccccc3)C(F)(F)F)cc2)cc1,0.233
*c1ccc(-c2ccc(-c3ccc(C(*)(c4ccccc4)C(F)(F)F)cc3)cc2)cc1,0.278
*c1ccc(-c2ccc(C(*)(c3ccc(F)cc3)C(F)(F)F)cc2)cc1,0.185
*c1ccc(-c2ccc(-c3ccc(C(*)(c4ccc(F)cc4)C(F)(F)F)cc3)cc2)cc1,0.22
*c1ccc(-c2ccc(-c3ccc(C(*)(c4c(F)c(F)c(F)c(F)c4F)C(F)(F)F)cc3)cc2)cc1,0.172
*c1ccc(-c2ccc(-c3ccc(C(*)(c4ccc(N(C)C)cc4)C(F)(F)F)cc3)cc2)cc1,0.276
*c1ccc(-c2ccc(-c3ccc(C(*)c4c(F)c(F)c(F)c(F)c4F)cc3)cc2)cc1,0.291
*/C=C/c1cc(OCCc2ccccc2)c(*)cc1OC,0.285
*c1ccc(-c2ccc(C(*)(C)C(F)(F)F)cc2)cc1,0.194
*c1cc2cccccc-2c1*,0.163
*/C=C/c1ccc(*)c2ccc(CCCCCC)cc12,0.339
*c1c(-c2ccccc2)c(-c2ccccc2)c(*)c2cc(C(c3ccc(C#Cc4ccccc4)c(C#Cc4ccccc4)c3)(C(F)(F)F)C(F)(F)F)ccc12,0.103
*CC(*)(F)C(=O)OCCC(F)(F)C(F)(F)C(F)(F)C(F)(F)C(F)(F)C(F)(F)C(F)(F)C(F)(F)C(F)(F)C(F)(F)F,0.121
*c1ccc2ccc3c(*)cc(C#CC=C)c4ccc1c2c34,0.429
